{
  "categories": [
    {
      "id": 0,
      "name": "Habanero_Pepper_Red"
    },
    {
      "id": 1,
      "name": "Jalapeno_Green"
    },
    {
      "id": 2,
      "name": "Leon_Orange"
    },
    {
      "id": 3,
      "name": "Pick_up"
    },
    {
      "id": 4,
      "name": "Rawit_Green"
    },
    {
      "id": 5,
      "name": "Rawit_Red"
    },
    {
      "id": 6,
      "name": "Spanish_Pepper_Green"
    },
    {
      "id": 7,
      "name": "Spanish_Pepper_Red"
    },
    {
      "id": 8,
      "name": "Spanish_Pepper_Yellow"
    },
    {
      "id": 9,
      "name": "Sweet_Pepper_Orange"
    },
    {
      "id": 10,
      "name": "Sweet_Pepper_Yellow"
    }
  ],
  "info": {
    "year": 2024,
    "version": "1.0",
    "contributor": "Label Studio"
  }
}